<settingdefinition uniquename="dd_branchName">
  <datatype>1</datatype>
  <defaultvalue> x</defaultvalue>
  <displayname default="branchName">
    <label description="branchName" languagecode="1033" />
  </displayname>
  <iscustomizable>0</iscustomizable>
  <ishidden>1</ishidden>
  <isoverridable>0</isoverridable>
  <isplatform>0</isplatform>
  <overridablelevel>0</overridablelevel>
  <releaselevel>0</releaselevel>
  <statecode>0</statecode>
  <statuscode>1</statuscode>
</settingdefinition>