<settingdefinition uniquename="dd_commitReference">
  <datatype>1</datatype>
  <defaultvalue>x</defaultvalue>
  <displayname default="commitReference">
    <label description="commitReference" languagecode="1033" />
  </displayname>
  <iscustomizable>0</iscustomizable>
  <ishidden>1</ishidden>
  <isoverridable>1</isoverridable>
  <isplatform>0</isplatform>
  <overridablelevel>1</overridablelevel>
  <releaselevel>0</releaselevel>
  <statecode>0</statecode>
  <statuscode>1</statuscode>
</settingdefinition>